"","Data","Trait","Top_percentage_to_select","K_Value","PM","TBV_QP","TBV_Trad","Mean_BV_QP","Mean_BV_Trad","Var_Opt_QP","Var_Trad","Expected_Loss_QP","Expected_Loss_Trad","Ratio_QP","Ratio_Trad","Av_Rel_QP","Ave_Rel_Trad","Ratio_Mean","Ratio_Var","Ratio_Ave_Rel"
"1","Indica","T1",0.1,1,62.5,207.6347165,219.358581,6.291961106,6.647229728,14.22265679,129.4562084,193.4120597,89.9023726,14.59886993,1.694461654,0.017031036,0.065586219,0.946553882363429,0.109864617277019,0.259674002552274
"2","Indica","T1",0.2,1,81.53846154,359.2376585,376.0116192,5.526733207,5.784794142,21.57715501,120.9068356,337.6605035,255.1047836,16.64898168,3.109928544,0.010033266,0.039168721,0.955389780748399,0.178461001836029,0.256155058011723
"3","Indica","T3",0.1,1,62.5,2405.144194,2433.688621,72.88315739,73.74814002,25.10488314,242.9973882,2380.039311,2190.691232,95.80383945,10.01528716,0.013694053,0.065586219,0.988271126163108,0.103313386723882,0.208794670721909
"4","Indica","T3",0.2,1,63.07692308,4628.657531,4703.907744,71.21011586,72.36781144,28.20004506,631.1134159,4600.457486,4072.794328,164.1365296,7.453347727,0.0091218,0.039168721,0.98400261722769,0.0446830068091411,0.23288480622076
"5","Indica","T4",0.1,1,65.625,2087.261411,2096.641106,63.25034579,63.53457896,15.31088603,128.7534087,2071.950525,1967.887697,136.3253183,16.28415998,0.016619378,0.065586219,0.995526323229765,0.118916354794729,0.253397409599111
"6","Indica","T4",0.2,1,72.30769231,4071.229208,4092.634907,62.63429551,62.96361396,20.76860835,188.4502094,4050.4606,3904.184698,196.0280217,21.71732746,0.010192269,0.039168721,0.994769702225015,0.110207403940407,0.260214496153704
"7","Indica","T6",0.1,1,90.625,9103.781945,9106.742836,275.8721802,275.9619041,15.5309113,23.89335125,9088.251034,9082.849485,586.1717815,381.1412949,0.014216911,0.065586219,0.999674868528348,0.650009751143637,0.216766741805927
"8","Indica","T6",0.2,1,87.69230769,17861.78871,17870.9108,274.7967494,274.9370893,20.33623857,49.48893506,17841.45247,17821.42187,878.3231298,361.1092213,0.011725317,0.039168721,0.999489556318657,0.410924958181955,0.299354094303973
